path,methods,source,authMarkers,rpc,tables,idempotencyMarker
/api/admin/auth/owners,GET,app/api/admin/auth/owners/route.ts,,,"pets,profiles,subscriptions,telegram_identities",False
/api/app/bootstrap,GET,app/api/app/bootstrap/route.ts,"getAppSessionFromRequest,getRequestAuth",,"map_routes,map_zones,pet_documents,pet_observations,pet_passports,pets,profiles,reminders,social_profiles,wishlist_items",False
/api/assistant,POST,app/api/assistant/route.ts,"getAppSessionFromRequest,getRequestAuth",,"assistant_messages,assistant_threads,map_routes,pet_documents,pet_observations,pet_passports,pets,reminders,social_profiles",False
/api/auth/[...all],"GET,POST",app/api/auth/[...all]/route.ts,,,,False
/api/avatar/generate,POST,app/api/avatar/generate/route.ts,,,,False
/api/avatar/upload,POST,app/api/avatar/upload/route.ts,,,,False
/api/billing/entitlements,GET,app/api/billing/entitlements/route.ts,"getAppSessionFromRequest,getRequestAuth",,,False
/api/billing/telegram-stars/checkout,POST,app/api/billing/telegram-stars/checkout/route.ts,"getAppSessionFromRequest,getRequestAuth",,,False
/api/billing/telegram-stars,POST,app/api/billing/telegram-stars/route.ts,,,"subscriptions,telegram_identities",False
/api/documents/[id],"DELETE,GET",app/api/documents/[id]/route.ts,"getAppSessionFromRequest,getRequestAuth",,pet_documents,False
/api/documents,"GET,POST",app/api/documents/route.ts,"getAppSessionFromRequest,getRequestAuth",,pet_documents,False
/api/dog-cards,"DELETE,GET,POST",app/api/dog-cards/route.ts,"getAppSessionFromRequest,getRequestAuth",,"dog_cards,pets",False
/api/habits/[id]/checkins,POST,app/api/habits/[id]/checkins/route.ts,"getAppSessionFromRequest,getRequestAuth",,,True
/api/habits/[id],"DELETE,PATCH",app/api/habits/[id]/route.ts,"getAppSessionFromRequest,getRequestAuth",,,False
/api/habits,"GET,POST",app/api/habits/route.ts,"getAppSessionFromRequest,getRequestAuth",,,True
/api/health,GET,app/api/health/route.ts,"getAppSessionFromRequest,getRequestAuth",,,False
/api/internal/avatar-retention,GET,app/api/internal/avatar-retention/route.ts,,,"avatar_assets,avatar_jobs,avatar_upload_reservations",False
/api/internal/health,GET,app/api/internal/health/route.ts,,,,False
/api/internal/recommendation-outcomes,GET,app/api/internal/recommendation-outcomes/route.ts,,,,False
/api/internal/release,GET,app/api/internal/release/route.ts,,,,False
/api/map/features/[id],"DELETE,PATCH",app/api/map/features/[id]/route.ts,"getAppSessionFromRequest,getRequestAuth",,map_routes,False
/api/map/features,"GET,POST",app/api/map/features/route.ts,"getAppSessionFromRequest,getRequestAuth",get_map_features_in_bounds,"map_routes,map_zones,pets",True
/api/map/library,"GET,POST",app/api/map/library/route.ts,socialRequestContext,,map_libraries,False
/api/map/places,GET,app/api/map/places/route.ts,,,,False
/api/map/search,GET,app/api/map/search/route.ts,,,,False
/api/map/walking,POST,app/api/map/walking/route.ts,"getAppSessionFromRequest,getRequestAuth",take_map_walk_slot,,False
/api/observations/[id]/restore,POST,app/api/observations/[id]/restore/route.ts,"getAppSessionFromRequest,getRequestAuth",,pet_observations,True
/api/observations/[id],"DELETE,PATCH",app/api/observations/[id]/route.ts,"getAppSessionFromRequest,getRequestAuth",,pet_observations,True
/api/observations/extract,POST,app/api/observations/extract/route.ts,"getAppSessionFromRequest,getRequestAuth",,"pet_observations,pets",False
/api/observations,"GET,POST",app/api/observations/route.ts,"getAppSessionFromRequest,getRequestAuth",,"pet_observations,pets",True
/api/observations/voice,POST,app/api/observations/voice/route.ts,"getAppSessionFromRequest,getRequestAuth",,,True
/api/pets/[id]/summary,GET,app/api/pets/[id]/summary/route.ts,"getAppSessionFromRequest,getRequestAuth",,,False
/api/pets,POST,app/api/pets/route.ts,"getAppSessionFromRequest,getRequestAuth",,,True
/api/recommendations/[id]/outcome,POST,app/api/recommendations/[id]/outcome/route.ts,,,,True
/api/recommendations/[id],PATCH,app/api/recommendations/[id]/route.ts,,,,True
/api/recommendations,"GET,POST",app/api/recommendations/route.ts,,,,False
/api/reminders/[id]/complete,POST,app/api/reminders/[id]/complete/route.ts,"getAppSessionFromRequest,getRequestAuth",care_complete_reminder_atomic,,True
/api/reminders/[id]/history,GET,app/api/reminders/[id]/history/route.ts,"getAppSessionFromRequest,getRequestAuth",,"reminder_events,reminders",False
/api/reminders/[id],"DELETE,PATCH",app/api/reminders/[id]/route.ts,"getAppSessionFromRequest,getRequestAuth","care_update_reminder_atomic,care_delete_reminder_atomic",,True
/api/reminders/[id]/snooze,POST,app/api/reminders/[id]/snooze/route.ts,"getAppSessionFromRequest,getRequestAuth",care_snooze_reminder_atomic,,True
/api/reminders,"GET,POST",app/api/reminders/route.ts,"getAppSessionFromRequest,getRequestAuth",care_create_reminder_atomic,reminders,True
/api/social/candidates,GET,app/api/social/candidates/route.ts,socialRequestContext,,,False
/api/social/invites/[token],"GET,POST",app/api/social/invites/[token]/route.ts,socialRequestContext,,social_friend_invites,True
/api/social/invites,POST,app/api/social/invites/route.ts,socialRequestContext,,,False
/api/social/profile,"DELETE,GET,PUT",app/api/social/profile/route.ts,socialRequestContext,,social_discovery_profiles,False
/api/social/requests/[id]/meeting,"GET,POST",app/api/social/requests/[id]/meeting/route.ts,socialRequestContext,,"map_libraries,map_routes,social_discovery_profiles,social_match_requests,social_meeting_proposals",False
/api/social/requests/[id],PATCH,app/api/social/requests/[id]/route.ts,socialRequestContext,,"social_blocks,social_match_requests,social_reports",True
/api/social/requests,"GET,POST",app/api/social/requests/route.ts,socialRequestContext,,"pets,social_discovery_profiles,social_match_requests,social_walk_signals",True
/api/social/signals,"DELETE,GET,PUT",app/api/social/signals/route.ts,socialRequestContext,,,True
/api/stt/transcribe,POST,app/api/stt/transcribe/route.ts,"getAppSessionFromRequest,getRequestAuth",,,False
/api/telegram/session,POST,app/api/telegram/session/route.ts,verifyTelegramInitData,,,False
/api/telegram/webhook,POST,app/api/telegram/webhook/route.ts,,,subscriptions,False
/api/v1/account,DELETE,app/api/v1/account/route.ts,"getAppSessionFromRequest,getRequestAuth",,,False
/api/v1/onboarding/activate,POST,app/api/v1/onboarding/activate/route.ts,"getAppSessionFromRequest,getRequestAuth",,,True
/api/v1/pets/[petId]/avatar/assets/[assetId]/activate,POST,app/api/v1/pets/[petId]/avatar/assets/[assetId]/activate/route.ts,,activate_pet_avatar_for_owner,avatar_assets,False
/api/v1/pets/[petId]/avatar/assets/[assetId]/render,GET,app/api/v1/pets/[petId]/avatar/assets/[assetId]/render/route.ts,,,avatar_assets,False
/api/v1/pets/[petId]/avatar/assets/[assetId],DELETE,app/api/v1/pets/[petId]/avatar/assets/[assetId]/route.ts,,,avatar_assets,False
/api/v1/pets/[petId]/avatar/assets,"GET,POST",app/api/v1/pets/[petId]/avatar/assets/route.ts,,"claim_avatar_upload_for_owner,finalize_avatar_upload_for_owner",avatar_assets,False
/api/v1/pets/[petId]/avatar/identity,POST,app/api/v1/pets/[petId]/avatar/identity/route.ts,,activate_pet_avatar_for_owner,pet_avatar_selections,False
/api/v1/pets/[petId]/avatar/jobs,POST,app/api/v1/pets/[petId]/avatar/jobs/route.ts,,claim_avatar_job_for_owner,"avatar_assets,avatar_jobs",True
/api/v1/pets,"DELETE,GET,PATCH,POST",app/api/v1/pets/route.ts,"getAppSessionFromRequest,getRequestAuth",,"pets,profiles",True
/api/v1/session/logout,POST,app/api/v1/session/logout/route.ts,,,,False
/api/v1/session/telegram,POST,app/api/v1/session/telegram/route.ts,verifyTelegramInitData,,,False
/api/wishlist/[id]/restore,POST,app/api/wishlist/[id]/restore/route.ts,"getAppSessionFromRequest,getRequestAuth",,wishlist_items,False
/api/wishlist/[id],"DELETE,PATCH",app/api/wishlist/[id]/route.ts,"getAppSessionFromRequest,getRequestAuth",,wishlist_items,False
/api/wishlist,"GET,POST",app/api/wishlist/route.ts,"getAppSessionFromRequest,getRequestAuth",wishlist_create_plan_atomic,"pets,wishlist_items",True
/api/zones/[id]/restore,POST,app/api/zones/[id]/restore/route.ts,"getAppSessionFromRequest,getRequestAuth",,map_zones,False
/api/zones/[id],"DELETE,PATCH",app/api/zones/[id]/route.ts,"getAppSessionFromRequest,getRequestAuth",,map_zones,False
/api/zones,"GET,POST",app/api/zones/route.ts,"getAppSessionFromRequest,getRequestAuth",,"map_zones,pets",False
